id	name	email	phone	iban	ip
1	Alicia García	alicia.garcia@example.com	+34666777888	ES9121000418450200051332	192.168.1.1
2	Bernardo Sánchez	bernardo.sanchez@example.com	+34666777888	ES7921000813610123456789	192.168.1.2
3	Carmen López	carmen.lopez@example.com	+34666777888	ES8021002227090100012345	192.168.1.3
4	David Martín	david.martin@example.com	+34666777888	ES6721002248761234567890	192.168.1.4
5	Elena Fernández	elena.fernandez@example.com	+34666777888	ES5821000545220012345678	192.168.1.5
6	Felipe Rodríguez	felipe.rodriguez@example.com	+34666777888	ES4821001863290100012345	192.168.1.6
7	Gabriela Pérez	gabriela.perez@example.com	+34666777888	ES9121000418450200051332	192.168.1.7
8	Hugo Sánchez	hugo.sanchez@example.com	+34666777888	ES7921000813610123456789	192.168.1.8
9	Inés García	ines.garcia@example.com	+34666777888	ES8021002227090100012345	192.168.1.9
10	Juan Martín	juan.martin@example.com	+34666777888	ES6721002248761234567890	192.168.1.10
11	Karina López	karina.lopez@example.com	+34666777888	ES5821000545220012345678	192.168.1.11
12	Luisa Fernández	luisa.fernandez@example.com	+34666777888	ES4821001863290100012345	192.168.1.12
13	Manuel Pérez	manuel.perez@example.com	+34666777888	ES9121000418450200051332	192.168.1.13
14	Nuria Sánchez	nuria.sanchez@example.com	+34666777888	ES7921000813610123456789	192.168.1.14
15	Oliver García	oliver.garcia@example.com	+34666777888	ES8021002227090100012345	192.168.1.15
16	Patricia Martín	patricia.martin@example.com	+34666777888	ES6721002248761234567890	192.168.1.16
17	Quim López	quim.lopez@example.com	+34666777888	ES5821000545220012345678	192.168.1.17
18	Raquel Fernández	raquel.fernandez@example.com	+34666777888	ES4821001863290100012345	192.168.1.18
19	Sergio Pérez	sergio.perez@example.com	+34666777888	ES9121000418450200051332	192.168.1.19
20	Tania Sánchez	tania.sanchez@example.com	+34666777888	ES7921000813610123456789	192.168.1.20
21	Gisela Sánchez	gisela.sanchez@example.com	+34666777888	ES7921000813610123456789	192.168.1.32
22	Valentina Martín	valentina.martin@example.com	+34666777888	ES6721002248761234567890	192.168.1.22
23	Xavier López	xavier.lopez@example.com	+34666777888	ES5821000545220012345678	192.168.1.23
24	Yolanda Fernández	yolanda.fernandez@example.com	+34666777888	ES4821001863290100012345	192.168.1.24
25	Zoe Pérez	zoe.perez@example.com	+34666777888	ES9121000418450200051332	192.168.1.25
26	Ana Sánchez	ana.sanchez@example.com	+34666777888	ES7921000813610123456789	192.168.1.26
27	Bruno García	bruno.garcia@example.com	+34666777888	ES8021002227090100012345	192.168.1.27
28	Cristina Martín	cristina.martin@example.com	+34666777888	ES6721002248761234567890	192.168.1.28
29	Diego López	diego.lopez@example.com	+34666777888	ES5821000545220012345678	192.168.1.29
30	Eva Fernández	eva.fernandez@example.com	+34666777888	ES4821001863290100012345	192.168.1.30
